-- Address data
INSERT INTO ADDRESS (ID, CITY, ADDRESS_LINE1, ADDRESS_LINE2, POSTAL_CODE) VALUES (1, 'Warsaw', 'Main Street 1', 'Apartment 2', '00-001');
INSERT INTO ADDRESS (ID, CITY, ADDRESS_LINE1, ADDRESS_LINE2, POSTAL_CODE) VALUES (2, 'Krakow', 'Side Street 12', 'Apartment 5', '30-002');

-- Doctor data
INSERT INTO DOCTOR (ID, FIRST_NAME, LAST_NAME, TELEPHONE_NUMBER, EMAIL, DOCTOR_NUMBER, SPECIALIZATION, ADDRESS_ID) VALUES (1, 'John', 'Doe', '123456789', 'john.doe@example.com', 'D123', 'SURGEON', 1);
INSERT INTO DOCTOR (ID, FIRST_NAME, LAST_NAME, TELEPHONE_NUMBER, EMAIL, DOCTOR_NUMBER, SPECIALIZATION, ADDRESS_ID) VALUES (2, 'Jane', 'Smith', '987654321', 'jane.smith@example.com', 'D456', 'GP', 2);

-- Patient data
INSERT INTO PATIENT (ID, FIRST_NAME, LAST_NAME, TELEPHONE_NUMBER, EMAIL, PATIENT_NUMBER, DATE_OF_BIRTH, AGE, ADDRESS_ID) VALUES (1, 'Alice', 'Brown', '555666777', 'alice.brown@example.com', 'P789', '1990-01-01', 34, 1);
INSERT INTO PATIENT (ID, FIRST_NAME, LAST_NAME, TELEPHONE_NUMBER, EMAIL, PATIENT_NUMBER, DATE_OF_BIRTH, AGE, ADDRESS_ID) VALUES (2, 'Bob', 'White', '444555666', 'bob.white@example.com', 'P012', '1985-05-20', 39, 2);
INSERT INTO PATIENT (ID, FIRST_NAME, LAST_NAME, TELEPHONE_NUMBER, EMAIL, PATIENT_NUMBER, DATE_OF_BIRTH, AGE, ADDRESS_ID) VALUES (3, 'Charlie', 'Brown', '333444555', 'charlie.brown@example.com', 'P345', '1992-07-15', 32, 1);

-- Treatment data
INSERT INTO MEDICAL_TREATMENT (ID, DESCRIPTION, TYPE) VALUES (1, 'General check-up', 'USG');
INSERT INTO MEDICAL_TREATMENT (ID, DESCRIPTION, TYPE) VALUES (2, 'Neurological assessment', 'EKG');

-- Visit data
INSERT INTO VISIT (ID, DESCRIPTION, TIME, PATIENT_ID, DOCTOR_ID, TREATMENT_ID) VALUES (1, 'Routine check-up', '2023-05-25 10:00:00', 1, 1, 1);
INSERT INTO VISIT (ID, DESCRIPTION, TIME, PATIENT_ID, DOCTOR_ID, TREATMENT_ID) VALUES (2, 'Follow-up visit', '2023-06-10 11:30:00', 2, 2, 2);
INSERT INTO VISIT (ID, DESCRIPTION, TIME, PATIENT_ID, DOCTOR_ID, TREATMENT_ID) VALUES (3, 'Emergency visit', '2023-07-15 14:00:00', 1, 1, 2);
INSERT INTO VISIT (ID, DESCRIPTION, TIME, PATIENT_ID, DOCTOR_ID, TREATMENT_ID) VALUES (4, 'Consultation', '2023-08-20 09:30:00', 3, 2, 1);
INSERT INTO VISIT (ID, DESCRIPTION, TIME, PATIENT_ID, DOCTOR_ID, TREATMENT_ID) VALUES (5, 'Surgery follow-up', '2023-09-10 16:00:00', 3, 1, 2);
